物件名,家賃,管理費,間取り,専有面積,方角,種別,築年数
Ｐｅａｃｅ,5.65, 3500,2DK,45,南,アパート,14
e・Lavie木曽川,6.3, 4500,1LDK,33,南,アパート,6
ゴウヒガシ ムジュー,6.9, 4000,1LDK,53,南,アパート,11
Casa Peridot 102号室,7.6, 4000,2LDK,65,東,マンション,7
S-RESIDENCE一宮駅前,6.05, 6500,1K,24,東,アパート,2
カトレア,8, 5000,2LDK,55,-,アパート,8
ノーブルコート篭屋,7.7, -,3LDK,79,南,一戸建て,21
アンダーフォレスト 303号室,11.2, 4500,3LDK,75,南,アパート,5
ESPRESSO一宮 2A号室,8.8, 4000,1LDK,51,-,アパート,3
ＩＮＵＩ３６Ｂ,5.4, 2500,2LDK,58,南,アパート,17
アヴニール 202号室,5.5, 2200,3LDK,69,南,アパート,21
オリエンスフォルムＫ・Ｂ,5.3, 2500,2LDK,58,南,アパート,20
サンリットレジデンス,5.8, 2500,2LDK,56,南,アパート,17
ＣＡＳＡ四季,5.45, 3000,1LDK,45,南,アパート,14
サニーブライト,6, 2500,2LDK,59,南,アパート,17
バル五番館,6, 3000,4LDK,73,南,マンション,30
名鉄名古屋本線 石刀駅 3階建 築24年,5.3, 3500,3DK,58,南,マンション,24
名鉄名古屋本線 石刀駅 3階建 築24年,5.3, 3500,3DK,58,南,マンション,24
メゾンドファミーユA,6.1, 5500,2LDK,54,南,アパート,14
エスポワール８０,5.6, 2900,2LDK,54,南,アパート,18
ミリオンベル,6.25, 2500,2LDK,57,南,アパート,11
Ｐｅａｃｅ,5.65, 3500,2DK,45,南,アパート,14
Ｐｅａｃｅ,5.65, 3500,2DK,45,南,アパート,14
名鉄名古屋本線 黒田駅 4階建 築25年,5, 4000,3DK,58,南,マンション,25
名鉄名古屋本線 黒田駅 2階建 築18年,5.9, 2000,2LDK,64,南,アパート,18
プリーマ・パラスト,5.9, 2000,2LDK,64,南,アパート,18
モダンｋｍII,5.3, 2000,1SK,32,南,アパート,6
名鉄名古屋本線 新木曽川駅 2階建 築20年,4.6, 3300,2LDK,52,南,アパート,20
名鉄名古屋本線 新木曽川駅 2階建 築20年,4.6, 3300,2LDK,52,南,アパート,20
名鉄名古屋本線 新木曽川駅 2階建 築20年,4.6, 3300,2LDK,52,南,アパート,20
名鉄名古屋本線 新木曽川駅 2階建 築20年,4.6, 3300,2LDK,52,南,アパート,20
ブルームコート 103号室,6, 4500,2LDK,60,南,アパート,19
名鉄名古屋本線 石刀駅 2階建 築12年,6.6, 2000,2LDK,58,南,アパート,12
名鉄名古屋本線 石刀駅 2階建 築12年,6.6, 2000,2LDK,58,南,アパート,12
ミルトニアＡ,6.6, 2000,2LDK,58,南,アパート,12
OAK CITY N-W 101号室,5.3, 3250,2LDK,53,南,マンション,26
ガーデンハイム 202号室,5.9, 3350,3LDK,63,南,アパート,23
名鉄名古屋本線 石刀駅 2階建 築12年,6.6, 2000,2LDK,58,南,アパート,12
アルカンジュ八町通,5.95, 2500,1LDK,43,南,アパート,6
OAK CITY N-W 201号室,5.4, 3250,2LDK,53,南,マンション,26
クオリティパレス,6.3, 4000,2LDK,58,南,アパート,15
カモミール 101号室,5.4, 4000,1LDK,33,南,アパート,18
カモミール 105号室,5.4, 4000,1LDK,33,南,アパート,18
名鉄名古屋本線 妙興寺駅 2階建 築17年,5.9, 2800,1LDK,56,南,アパート,17
グランヒルアルカンシェルＡ,5.9, 2800,1LDK,56,南,アパート,17
グランヒルアルカンシェルＡ,5.9, 2800,1LDK,56,南,アパート,17
名鉄名古屋本線 妙興寺駅 2階建 築17年,5.9, 2800,1LDK,56,南,アパート,17
大椿ビルV,5.4, 5000,4DK,70,東,マンション,32
ｅ・Ｌａｖｉｅ木曽川,6.2, 4500,1LDK,33,南,アパート,6
ＪＲ東海道本線 尾張一宮駅 13階建 築15年,5.1, 7000,1K,25,南,マンション,15
ブルーハイツ 202号室,6.4, 4500,2LDK,49,南東,アパート,3
名鉄名古屋本線 新木曽川駅 2階建 築18年,6.4, 2000,2LDK,61,南,テラス・タウンハウス,18
ダイナーズハイツ 106号室,4.6, 4500,3DK,50,南,マンション,27
ダイアヒルズ花池 4B号室,5.9, 3500,3LDK,60,南,マンション,30
セーヌ,5.9, 3500,1LDK,45,南,アパート,6
セーヌ,5.9, 3500,1LDK,45,南,アパート,6
セーヌ,5.9, 3500,1LDK,45,南,アパート,6
Ｂelle Ciel（ベル シエル）,5.5, 4500,1LDK,45,南,マンション,15
グランピア今伊勢 102号室,6, 3500,2LDK,57,南,アパート,20
さくらＡ,5.1, 2910,2LDK,52,南,アパート,19
さくらＡ,5.1, 2910,2LDK,52,南,アパート,19
カーサノリタケ,5.9, 4500,1LDK,45,-,アパート,12
セーヌ,5.9, 3500,1LDK,45,南,マンション,6
名鉄尾西線 観音寺駅 3階建 築7年,7, 4000,2LDK,61,南,マンション,7
マジョリティー,4.7, 1800,2DK,45,南,アパート,22
マジョリティー,4.7, 1800,2DK,45,南,アパート,22
マジョリティー,4.7, 1800,2DK,45,南,アパート,22
サンリットレジデンス,5.8, 2500,2LDK,56,南,アパート,17
サンリットレジデンス,5.8, 2500,2LDK,56,南,アパート,17
ウインドベル,5.1, 3000,1LDK,43,南西,アパート,19
ウインドベル,5.1, 3000,1LDK,43,南西,アパート,19
ベルカノン,5.45, 2500,1LDK,45,南,アパート,11
ベルカノン,5.45, 2500,1LDK,45,南,アパート,11
ベッロボスコ,6.95, 2000,2LDK,67,南,アパート,12
ベッロボスコ,6.95, 2000,2LDK,67,南,アパート,12
サンヴィレッジK,5.5, 3000,2LDK,50,南,アパート,27
リバ－サイド雅,6.3, 3800,1LDK,51,南,マンション,18
レジデンスグーグー,6.4, 2000,1LDK,40,南,アパート,3
レジデンスグーグー,6.4, 2000,1LDK,40,南,アパート,3
ユーズサンレミ,5.4, 5000,2LDK,58,南,マンション,18
ユーズサンレミ,5.4, 5000,2LDK,58,南,マンション,18
ＪＲ東海道本線 稲沢駅 6階建 築18年,5.4, 5000,2LDK,58,南,マンション,18
エスポワール森本 203号室,5.2, 4000,2LDK,55,南,アパート,24
MAISON AYANA 102号室,4.5, 4000,1K,32,南,アパート,16
アルカンシエル,6.4, 4000,2DK,50,南,アパート,14
メルカート０３,5.75, 4000,1LDK,36,南東,アパート,2
エスポワール８０,5.6, 2900,2LDK,54,南,アパート,18
ジェネシスI,5.8, 4000,2LDK,59,南東,アパート,15
ユーズサンレミ,5.5, 5000,2LDK,58,南,マンション,18
ユーズサンレミ,5.5, 5000,2LDK,58,南,マンション,18
ダイアヒルズ平和II,6.65, 3500,3LDK,66,南,マンション,26
ハイビスカス辰巳,6.5, 5000,2LDK,57,南,マンション,19
エスポワールＢ棟,6.2, 4500,1LDK,40,南,アパート,18
エクシードＡ 2B号室,4.6, 3000,2LDK,49,南,マンション,34
ビアンサクラ,5.4, 4000,2LDK,51,南,マンション,20
グランチェスタＳＯＵＴＨ,6.5, 4000,2LDK,60,南東,アパート,16
ベルシエル,5.6, 4500,1LDK,45,南,マンション,15
エデンII,6, 4000,2LDK,58,南,マンション,14
エスポワールＢ 105号室,6.2, 4500,1LDK,40,-,アパート,18
ベリーズスクエア ノース,6.7, 4000,2LDK,64,南,アパート,17
プリマベ－ラ,5.6, 3000,1LDK,48,南,アパート,17
プラスパ・ダイトク 101号室,5.2, 3000,2LDK,50,南,マンション,23
フォルトゥーナ,5.4, 3500,2LDK,53,南,テラス・タウンハウス,21
コンシェルジュB,5.8, 5000,2LDK,55,南,アパート,17
ミントA 103号室,7.7, 4500,2LDK,54,南,アパート,12
ダイアヒルズ花池 4D号室,6.5, 3500,3LDK,60,南,マンション,30
サニーコート平和,5.7, 6000,2DK,50,南,マンション,27
サニーホームズ,7.2, 4500,2LDK,54,南,アパート,14
エレガンスシンワB 205号室,5.5, 3800,2LDK,42,南,アパート,21
レオパレス妙興寺,4.2, 4500,1K,22,-,アパート,15
名鉄名古屋本線 妙興寺駅 2階建 築15年,4.2, 4500,1K,22,-,アパート,15
クレヴィア,6, 4000,1LDK,33,南,アパート,13
ジェルメ・アンジュ,6.9, 6000,2LDK,61,西,マンション,18
ジェルメ・アンジュ,6.9, 6000,2LDK,61,西,マンション,18
ニューハイムモリタカ,4.8, 1250,3DK,52,南西,アパート,31
ニューハイムモリタカ,4.8, 1250,3DK,52,南西,アパート,31
ディアトリＭＡＹ 205号室,6.9, 3000,2LDK,58,南,アパート,6
ディアトリＭＡＹ 205号室,6.9, 3000,2LDK,58,南,アパート,6
ダイアヒルズ平和II,7.1, 3500,3LDK,66,南,マンション,26
ウエストヒルズマルカ 402号室,5.4, 5000,2LDK,56,南,マンション,25
Smart HomeII 201号室,6.2, 3500,2LDK,55,南,アパート,6
ブルーハイツ冨 B 202号室,4.5, 3000,3DK,46,南,アパート,33
キャッスル・ファイブ南田尾,4.9, 3800,2DK,49,南,マンション,28
メゾンロイヤルA,6.5, 4500,1LDK,45,南,アパート,18
ヴェルドミールII,5.5, 4500,2LDK,55,南,アパート,23
エスペランサ住吉 101号室,6.9, 4000,1LDK,50,-,アパート,16
テレス,5.1, 3500,1LDK,40,-,マンション,22
サル・サージュI,8.05, 3000,2LDK,55,南,アパート,3
ラ・プペ 201号室,7.3, 3000,1LDK,50,南,アパート,13
Ｓ－ＲＥＳＩＤＥＮＣＥ一宮駅前,6.05, 6500,1K,24,東,マンション,2
Ｓ－ＲＥＳＩＤＥＮＣＥ一宮駅前,6.05, 6500,1K,24,東,マンション,2
名鉄名古屋本線 名鉄一宮駅 12階建 築2年,6.05, 6500,1K,24,東,アパート,2
名鉄尾西線 奥町駅 2階建 築3年,8.05, 3300,2LDK,55,南,アパート,3
サルサージュI,8.05, 3300,2LDK,55,南,アパート,3
サルサージュI,8.05, 3300,2LDK,55,南,アパート,3
名鉄尾西線 奥町駅 2階建 築3年,8.05, 3300,2LDK,55,南,アパート,3
メゾンアバンシー,7.05, 2000,1LDK,48,南,アパート,4
メゾンアバンシー,7.05, 2000,1LDK,48,南,アパート,4
メゾンアバンシー,7.05, 2000,1LDK,48,南,アパート,4
アルマンド 105号室,7.15, 3000,1LDK,44,南,アパート,0
S-RESIDENCE一宮駅前,6.15, 6500,1K,24,東,アパート,2
ダイアヒルズ平和I,6, 3500,2DK,51,南,マンション,27
プリムヴェールI,5.5, 3000,1LDK,51,南東,アパート,20
アネックスフレンド,5.5, 4000,2LDK,56,南,アパート,31
ブロア日野,4.3, 3000,1K,32,南,アパート,22
Ｓ－ＲＥＳＩＤＥＮＣＥ一宮駅前,6.25, 6500,1K,24,東,マンション,2
名鉄名古屋本線 名鉄一宮駅 12階建 築2年,6.25, 6500,1K,24,東,アパート,2
ＪＲ東海道本線 尾張一宮駅 3階建 築12年,7.8, 3500,2LDK,60,南,マンション,12
ダイアヒルズ住吉II 2D号室,7.8, 3500,2LDK,60,南,マンション,12
ダイアヒルズ住吉II,7.8, 3500,2LDK,59,南,マンション,12
レオパレス華,3.5, 4500,1K,22,-,アパート,16
メゾン・ボナール,4.4, 3000,1K,33,南,アパート,23
カトレア,8, 5000,2LDK,55,南,アパート,8
名鉄名古屋本線 黒田駅 2階建 築8年,8, 5000,2LDK,55,南,アパート,8
リヴェール末広,8.2, 5000,2LDK,63,南,マンション,11
ヴォワール三和A棟 102号室,5.9, 3500,2LDK,57,南,アパート,21
レトア花池II,4, 3300,1K,27,南西,アパート,19
セコイアＢ,5.05, 2000,1K,34,南,アパート,7
パークメゾン森本 102号室,5.8, 4000,2LDK,50,南,マンション,31
ロイヤルパレス北園,5.4, 5000,3DK,57,南,マンション,35
リンピア7,5.8, 3000,3DK,57,-,マンション,28
プリマＧ壱番館,6, 3000,ワンルーム,25,東,アパート,10
名鉄名古屋本線 名鉄一宮駅 12階建 築2年,6.45, 6500,1K,24,東,アパート,2
シャンピア花池 3A号室,4.5, 3000,2DK,49,南,マンション,36
レオパレスＫＩＴＡＵＲＡ,3.4, 4500,1K,22,-,アパート,16
レオパレスＫＩＴＡＵＲＡ,3.4, 4500,1K,22,-,アパート,16
ヴィラージュ八幡,4.6, 3000,2DK,42,東,マンション,34
メゾン吉田 303号室,4.6, 3300,2LDK,49,南,マンション,35
コンフォール南山,8.2, 7000,2LDK,66,南,マンション,21
クレインＡ・Ｔ,7.1, 1500,1LDK,45,南,アパート,2
クレインＡ・Ｔ,7.1, 1500,1LDK,45,南,アパート,2
セジュールスギモトA 202号室,5.4, 4000,3DK,54,-,アパート,32
レオパレスフォンティーヌ 208号室,3.2, 6500,1K,23,-,アパート,17
ＪＲ東海道本線 稲沢駅 2階建 築31年,5.6, 3500,3DK,50,西,アパート,31
フォレストハイツ,5.6, 3500,3DK,50,南西,アパート,31
ブランエクセル,4.7, 2000,2DK,49,南,アパート,28
名鉄名古屋本線 今伊勢駅 2階建 築2年,9.5, 6000,3LDK,83,南,アパート,2
グランペ西ノ山,7.1, 2000,1LDK,60,南,アパート,2
グランペ西ノ山,7.1, 2000,1LDK,60,南,アパート,2
ルミエール・E 205号室,4.2, 3000,1K,26,-,マンション,21
ブルーハイツ森Ａ棟,3.7, 3000,2DK,40,南,アパート,33
名鉄名古屋本線 黒田駅 2階建 築32年,3.55, 2000,2DK,40,東,アパート,32
シティハイツくろだ,3.55, 2000,2DK,40,東,アパート,32
名鉄名古屋本線 黒田駅 2階建 築32年,3.55, 2000,2DK,40,東,アパート,32
シティハイツくろだ,3.55, 2000,2DK,40,東,アパート,32
セジュールモナリエ 203号室,4.6, 4000,1K,33,南,アパート,20
ファミール平和 202号室,7.2, 3500,3DK,65,南,アパート,31
ヒルズII,7.2, 4800,1LDK,54,南,アパート,9
セントポーリアＡ,7.3, 2500,1LDK,51,南,アパート,2
セントポーリアＡ,7.3, 2500,1LDK,51,南,アパート,2
セントポーリアＡ,7.3, 2500,1LDK,51,南,アパート,2
エースリービル,6.5, 6000,1K,33,-,マンション,21
レオパレス寺東第１,3.5, 4500,1K,23,-,アパート,17
レオパレス寺東第１,3.5, 4500,1K,23,-,アパート,17
セルカフロレスタＢ,3.5, 2250,1K,21,南,アパート,24
セルカフロレスタＢ,3.5, 2250,1K,21,南,アパート,24
セルカフロレスタＢ,3.5, 2250,1K,21,南,アパート,24
アルデバラン 106号室,9.1, 5000,2LDK,62,北西,アパート,0
レオパレス寺東第１,3.4, 4500,1K,23,-,アパート,17
メゾン・ド・クレール 102号室,3.9, 3000,1K,28,南,アパート,17
名鉄名古屋本線 石刀駅 2階建 築24年,3.9, 3000,ワンルーム,30,南,アパート,24
名鉄名古屋本線 石刀駅 2階建 築24年,3.9, 3000,ワンルーム,30,南,アパート,24
セジュール栄,3.5, 5000,1K,22,東,マンション,27
アルデバラン 201号室,9.3, 5000,2LDK,66,北東,アパート,0
ヴェルドミール,3.6, 3000,1K,25,南,マンション,27
エースリービル,6.5, 6000,ワンルーム,41,-,マンション,21
エルメゾン・モトキ,3.9, 4000,2DK,46,南,アパート,29
名鉄尾西線 観音寺駅 4階建 築45年,3.8, 3000,2LDK,50,南,マンション,45
マイキャッスル２,3.8, 3000,1K,23,南,マンション,20
グラン ジュールＢ,8.5, 5000,2LDK,62,南,アパート,10
レオパレス寺東第１ 107号室,2.9, 4500,1K,23,-,アパート,17
ラ・グラシューズ,8.6, 4000,2LDK,63,南,アパート,11
ラ・グラシューズ,8.6, 4000,2LDK,63,南,アパート,11
名鉄東一宮ハイツ 501号室,7.9, 5000,3LDK,74,南,マンション,41
アピタシオンモアージュ,3.5, 2250,2K,31,東,アパート,29
アピタシオンモアージュ,3.5, 2250,2K,31,東,アパート,29
レオパレスパティオ 201号室,2.6, 4500,1K,20,-,アパート,25
名鉄名古屋本線 今伊勢駅 4階建 築33年,3.2, 3000,2K,24,南,マンション,33
ＪＲ東海道本線 尾張一宮駅 7階建 築27年,9, -,2LDK,68,南,マンション,27
名鉄尾西線 観音寺駅 4階建 築47年,3.5, 2000,3DK,46,南,マンション,47
名鉄名古屋本線 妙興寺駅 5階建 築45年,5.2, 3000,1LDK,52,-,マンション,45
名鉄名古屋本線 名鉄一宮駅 2階建 築32年,3.5, 2000,1K,23,南,アパート,32
名鉄名古屋本線 今伊勢駅 10階建 築29年,9, 7500,3LDK,80,南,マンション,29
名鉄名古屋本線 新木曽川駅 3階建 築5年,11.2, 4500,3LDK,75,南,アパート,5
アンダーフォレスト,11.2, 4500,3LDK,75,南,アパート,5
ビレッジハウス一宮タワー1号棟,4.6, -,2DK,45,東,マンション,47
ビレッジハウス一宮タワー1号棟,4.6, -,2DK,45,東,マンション,47
グランプラス西島,8.8, 7500,3LDK,80,南,マンション,29
ビレッジハウス一宮タワー1号棟,4.4, -,2DK,45,西,マンション,47
ビレッジハウス一宮タワー1号棟,4.4, -,2DK,45,西,マンション,47
ビレッジハウス一宮タワー1号棟,4.4, -,2DK,45,西,マンション,47
ビレッジハウス一宮タワー1号棟,4.4, -,2DK,45,東,マンション,47
ビレッジハウス一宮タワー1号棟,4.3, -,2DK,45,東,マンション,47
グランプラス西島,9, 7500,3LDK,78,南,マンション,29
ビレッジハウス一宮タワー1号棟,4.2, -,2DK,45,西,マンション,47
グランプラス西島,9.2, 7500,3LDK,78,南,マンション,29
サンメゾン天王 403号室,12.5, 6000,3LDK,71,南,マンション,11
藤和シティコープ神山II 8号室,12, 11800,3LDK,78,-,マンション,29
平和ビル,3.5, 2000,3DK,46,南,マンション,99
ビレッジハウス大毛2号棟,3.2, -,2K,29,南,マンション,58
コンプメゾン５ 105号室,5, 3800,2LDK,66,南,テラス・タウンハウス,18
モダンＫＭII,5.3, 2000,1SK,32,南,アパート,6
モダンＫＭII,5.3, 2000,1SK,32,南,アパート,6
モダンＫＭII,5.3, 2000,1SK,32,南,アパート,6
ＩＮＵＩ３６Ｂ,5.4, 2500,2LDK,58,南,アパート,17
ＩＮＵＩ３６Ｂ,5.4, 2500,2LDK,58,南,アパート,17
ＩＮＵＩ３６Ｂ,5.4, 2500,2LDK,58,南,アパート,17
名鉄名古屋本線 今伊勢駅 2階建 築17年,5.4, 2500,2LDK,58,南,アパート,17
名鉄名古屋本線 今伊勢駅 2階建 築17年,5.4, 2500,2LDK,58,南,アパート,17
ＩＮＵＩ３６Ｂ,5.4, 2500,2LDK,58,南,アパート,17
ＩＮＵＩ３６Ｂ,5.4, 2500,2LDK,58,南,アパート,17
名鉄名古屋本線 今伊勢駅 2階建 築17年,5.4, 2500,2LDK,58,南,アパート,17
グランツＡ,5.5, 2000,2LDK,55,南,アパート,15
グランツＡ,5.5, 2000,2LDK,55,南,アパート,15
トワール,5.1, 3500,2LDK,45,南,アパート,21
トワール 101号室,5.1, 3500,2LDK,45,南,アパート,21
エンジェルズシェア,5, 4000,1LDK,46,南,アパート,15
エンジェルズシェア 103号室,5, 4000,1LDK,46,南,アパート,15
エンジェルズシェア,5, 4000,1LDK,46,南,アパート,15
エンジェルズシェア 103号室,5, 4000,1LDK,46,南,アパート,15
アヴニール 202号室,5.5, 2200,3LDK,69,南,アパート,21
アヴニール 202号室,5.5, 2200,3LDK,69,南,アパート,21
クレセントもえぎＢ 202号室,4.9, 2000,2LDK,52,南,アパート,20
プリムヴェール,4.9, 3500,1LDK,46,南,アパート,10
プリムヴェール,4.9, 3500,1LDK,46,南,アパート,10
TWILIGHT,5.2, 3500,1LDK,33,南,アパート,14
カームパインツリー２４,5.15, 3000,1LDK,37,南,アパート,11
カームパインツリー２４,5.15, 3000,1LDK,37,南,アパート,11
コーストライン,5, 4000,1LDK,37,南,マンション,17
カ－ムパインツリ－２４,5.15, 3000,1LDK,37,南,アパート,11
カームパインツリー２４,5.15, 3000,1LDK,37,南,アパート,11
ハピネスアオシゲ,5.3, 4000,1LDK,41,南,アパート,14
エンジェルズシェア 103号室,5, 4000,1LDK,46,南,アパート,15
シック・ロジュマン１,5.6, 2700,2LDK,58,南,アパート,17
ＫＵＫＵＮＡ,5.9, 4000,2LDK,60,南西,アパート,12
メゾンドファミーユA,5.7, 6500,2LDK,54,南,アパート,14
メゾンドファミーユA,5.7, 6500,2LDK,54,南,アパート,14
クレセントもえぎＢ棟,4.9, 2000,2LDK,52,南,アパート,20
クレセントもえぎＡ棟,5.1, 2000,2LDK,52,南,アパート,20
クレセントもえぎＡ 201号室,5.1, 2000,2LDK,52,南,アパート,20
クレセントもえぎＡ 201号室,5.1, 2000,2LDK,52,南,アパート,20
名鉄尾西線 奥町駅 2階建 築14年,5.2, 3500,1LDK,33,南,アパート,14
カームパインツリー２４,5.15, 3000,1LDK,37,南,アパート,11
フォーシーズン大和,5.3, 4000,1LDK,36,南,マンション,14
フォーシーズン大和,5.3, 4000,1LDK,36,南,アパート,14
シック・ロジュマンI,5.6, 2700,2LDK,58,南,アパート,17
シック・ロジュマンI,5.6, 2700,2LDK,58,南,アパート,17
カームハウスII 203号室,5.5, 2500,2LDK,57,南,アパート,18
カ－ムハウスII 203号室,5.5, 2500,2LDK,57,南,アパート,18
アイダイトクI 203号室,5.4, 3000,2LDK,51,南,アパート,18
ベアトリーチェＢ,4.95, 2500,2DK,45,南,アパート,13
ベアトリーチェＢ,4.95, 2500,2DK,45,南,アパート,13
ベアトリーチェＢ,4.95, 2500,2DK,45,南,アパート,13
サンベルリード,5.6, 3600,2LDK,73,南,アパート,19
名鉄名古屋本線 石刀駅 4階建 築14年,5.9, 4500,2LDK,54,西,マンション,14
サンベルリード,5.6, 3600,2LDK,57,南,アパート,19
メゾンアシューレ,5.4, 4000,1LDK,43,南,アパート,13
メゾンアシューレ,5.4, 4000,1LDK,43,南,アパート,13
フォルトゥーナ B号室,5.4, 3500,2LDK,53,南,テラス・タウンハウス,21
ミリオンベル,5.25, 2500,1LDK,45,南,アパート,11
ミリオンベル,5.25, 2500,1LDK,45,南,アパート,11
サンラードホーム,5, 4000,2LDK,52,西,マンション,25
オリエンスフォルムＫ・Ｂ,5.3, 2500,2LDK,58,南,アパート,20
オリエンスフォルムＫ・Ｂ,5.3, 2500,2LDK,58,南,アパート,20
名鉄名古屋本線 黒田駅 2階建 築20年,5.3, 2500,2LDK,58,南,アパート,20
名鉄名古屋本線 黒田駅 2階建 築20年,5.3, 2500,2LDK,58,南,アパート,20
オリエンスフォルムＫ・Ｂ,5.3, 2500,2LDK,58,南,アパート,20
名鉄名古屋本線 黒田駅 2階建 築20年,5.3, 2500,2LDK,58,南,アパート,20
サンラードホーム 302号室,5, 4000,2LDK,52,南,マンション,25
サンラードホーム 302号室,5, 4000,2LDK,52,南,マンション,25
サンラードホーム 301号室,5, 4000,2LDK,48,南,マンション,25
サンラードホーム 301号室,5, 4000,2LDK,48,南,マンション,25
Ｄｏｌｃｅ（ドルチェ）,6.1, 4000,2LDK,59,南,アパート,14
ＣＡＳＡ四季,5.45, 3000,1LDK,45,南,アパート,14
グランドールＹＫ,5.5, 6500,3LDK,58,南,マンション,26
グランドールＹＫ,5.5, 6500,3LDK,58,南,マンション,26
ＪＲ東海道本線 尾張一宮駅 2階建 築12年,5.25, 2200,1LDK,45,南,アパート,12
ＪＲ東海道本線 尾張一宮駅 2階建 築12年,5.25, 2200,1LDK,45,南,アパート,12
ＪＲ東海道本線 尾張一宮駅 2階建 築12年,5.25, 2200,1LDK,45,南,アパート,12
ＪＲ東海道本線 尾張一宮駅 2階建 築12年,5.25, 2200,1LDK,45,南,アパート,12
プロミネンス 202号室,5.3, 2500,1LDK,51,南,アパート,15
プロミネンス 202号室,5.3, 2500,1LDK,51,南,アパート,15
チェリーアイランドI 203号室,4.6, 3500,3LDK,58,南,アパート,27
チェリーアイランドI 203号室,4.6, 3500,3LDK,58,南,アパート,27
サニーブライト,6, 2500,2LDK,59,南,アパート,17
サニーブライト,6, 2500,2LDK,59,南,アパート,17
サニーブライト,6, 2500,2LDK,59,南,アパート,17
セントハイム 聖,4.6, 4000,1LDK,36,西,アパート,16
サンラードホーム203・301～305・401～405,5, 4000,2LDK,52,南,マンション,25
サンラードホーム 302号室,5, 4000,2LDK,48,南,マンション,25
サンラードホーム 301号室,5, 4000,2LDK,48,南,マンション,25
サンラードホーム203・301～305・401～405,5, 4000,2LDK,48,南,マンション,25
グランドールＢ,4.9, 3000,2LDK,58,南,マンション,26
オリエンスフォルムＫ・Ｂ,5.3, 2500,2LDK,58,南,アパート,20
バル五番館 402号室,6, 3000,4LDK,73,南西,マンション,30
バル五番館 402号室,6, 3000,4LDK,73,南西,マンション,30
ブランハイツII,5.4, 3800,1LDK,45,南,アパート,17
Luce YUTAKA,5.2, 3500,1LDK,45,南,アパート,14
ＣＯＣＯウィル,5, 4000,2LDK,55,南,テラス・タウンハウス,21
モンシェリ・Ｋ,4.9, 4100,1LDK,41,南,アパート,19
フォーシーズン,5.3, 3500,3DK,58,南,マンション,24
プラッサムコート森本A,5.5, 3800,2LDK,60,南,テラス・タウンハウス,17
ガーデンムジュー,5, 4500,2LDK,53,南,アパート,25
カペル 201号室,5.9, 4000,2LDK,59,南,アパート,15
名鉄尾西線 奥町駅 2階建 築16年,4.6, 4500,1LDK,34,南,アパート,16
カペル 201号室,5.9, 4000,2LDK,59,南,アパート,15
グランドールＢ,4.9, 3000,2LDK,58,南,アパート,26
グランドールＢ,4.9, 3000,2LDK,58,南,アパート,26
フォレストハウスＡ,6, 2000,2LDK,65,南,アパート,16
サン・グレードハイツ,5.4, 3500,3DK,60,南,マンション,23
リバーサイド千秋,5.7, 4000,2LDK,58,南,アパート,13
リバーサイド千秋,5.7, 4000,2LDK,58,南,アパート,13
リバーサイド千秋,5.7, 4000,2LDK,58,南東,アパート,13
リバーサイド千秋,5.7, 4000,2LDK,58,南,アパート,13
エスポワール東島Ｂ,5.4, 2000,1LDK,41,南,アパート,7
エスポワール東島Ｂ,5.4, 2000,1LDK,41,南,アパート,7
エスポワール東島Ｂ,5.4, 2000,1LDK,41,南,アパート,7
プラスパ・ダイトク,5.2, 3000,2LDK,50,南,マンション,23
ジュエル,6.1, 4000,2LDK,54,南,マンション,16
ジュエル,6.1, 4000,2LDK,54,南,マンション,16
ユープラスパダイトク,5.2, 3000,2LDK,50,南西,マンション,22
プランドール,5.6, 7000,1LDK,45,南西,マンション,14
名鉄名古屋本線 石刀駅 3階建 築14年,5.6, 7000,1LDK,45,南西,マンション,14
ノーブル 202号室,5.7, 3000,3LDK,67,南,アパート,18
ノーブル 202号室,5.7, 3000,3LDK,67,南,アパート,18
ノーブル 202号室,5.7, 3000,3LDK,67,南,アパート,18
ベルソレイユI,5.6, 3000,1LDK,48,南,アパート,17
サニーホームズ 301号室,6, 4500,2LDK,54,南,アパート,14
グランシャリオI,6.4, 4000,2LDK,57,南,マンション,13
サンリットＡ,5.35, 2500,1LDK,46,南,アパート,17
サンリットＡ,5.35, 2500,1LDK,46,南,アパート,17
ミリオンベル,6.25, 2500,2LDK,57,南,アパート,11
ミリオンベル,6.25, 2500,2LDK,57,南,アパート,11
サンルミナスいわとＡ棟,5.5, 3500,2LDK,55,南,アパート,21
ポライトリー・Ｍ,5.5, 3500,1LDK,45,南,マンション,14
ポライトリー・Ｍ,5.5, 3500,1LDK,45,南,マンション,14
ポライトリー・Ｍ 103号室,5.5, 3500,1LDK,45,南,アパート,14
ポライトリー・Ｍ 203号室,5.5, 3500,1LDK,45,南,アパート,14
ポライトリー・Ｍ 103号室,5.5, 3500,1LDK,45,南,アパート,14
ポライトリー・Ｍ 203号室,5.5, 3500,1LDK,45,南,アパート,14
サンリットＡ,5.35, 2500,1LDK,46,南,アパート,17
アルカンシェルＴＤ 202号室,5.6, 3000,1LDK,43,南,アパート,16
アルカンシェルＴＤ 202号室,5.6, 3000,1LDK,43,南,アパート,16
アルカンシェルＴＤ 202号室,5.6, 3000,1LDK,43,南,アパート,16
ブルームコート 103号室,6, 4500,2LDK,60,南,アパート,19
ガーデンハイム,5.9, 3350,3LDK,63,南,マンション,23
カーサボニータＡ棟,5.5, 3700,2LDK,62,南,アパート,20
Ｐｅａｃｅ,5.65, 3500,2DK,45,南,アパート,14
Ｐｅａｃｅ,5.65, 3500,2DK,45,南,アパート,14
Ｐｅａｃｅ,5.65, 3500,2DK,45,南,アパート,14
名鉄名古屋本線 今伊勢駅 2階建 築14年,5.65, 3500,2DK,45,南,アパート,14
Ｐｅａｃｅ,5.65, 3500,2DK,45,南,アパート,14
名鉄名古屋本線 今伊勢駅 2階建 築14年,5.65, 3500,2DK,45,南,アパート,14
Ｐｅａｃｅ,5.65, 3500,2DK,45,南,アパート,14
名鉄名古屋本線 今伊勢駅 2階建 築14年,5.65, 3500,2DK,45,南,アパート,14
Ｐｅａｃｅ,5.65, 3500,2DK,45,南,アパート,14
カーサ季の里Ａ 103号室,5.15, 2500,1LDK,46,東,アパート,16
カモミール 101号室,5.4, 4000,1LDK,33,南,アパート,18
カモミール 105号室,5.4, 4000,1LDK,33,南,アパート,18
カモミール,5.4, 4000,1LDK,33,南,アパート,18
カーサ季の里Ａ 103号室,5.15, 2500,1LDK,46,東,アパート,16
グランシャリオ 2H号室,5, 4000,3DK,58,南,マンション,25
カモミール,5.4, 4000,1LDK,33,南,アパート,18
カモミール,5.4, 4000,1LDK,33,南,アパート,18
ディアワイズ,5, 3500,2LDK,53,南,テラス・タウンハウス,26
ディアワイズ,5, 3500,2LDK,53,南,テラス・タウンハウス,26
プリーマ・パラスト,5.9, 2000,2LDK,64,南,アパート,18
プリーマ・パラスト,5.9, 2000,2LDK,64,南,アパート,18
プリーマ・パラスト,5.9, 2000,2LDK,64,南,アパート,18
名鉄名古屋本線 黒田駅 2階建 築18年,5.9, 2000,2LDK,64,南,アパート,18
名鉄名古屋本線 黒田駅 2階建 築18年,5.9, 2000,2LDK,64,南,アパート,18
名鉄名古屋本線 黒田駅 2階建 築18年,5.9, 2000,2LDK,64,南,アパート,18
ベルソレイユI 105号室,5.6, 3000,1LDK,48,南,アパート,17
ベルソレイユI 105号室,5.6, 3000,1LDK,48,南,アパート,17
サニーホームズ 301号室,6, 4500,2LDK,54,南,アパート,14
ベルソレイユI 105号室,5.6, 3000,1LDK,48,南,アパート,17
ロイヤルハイム 201号室,5.7, 3500,2LDK,57,南東,アパート,21
カルムフリーゼ,5.1, 4000,1LDK,46,南,マンション,16
飛鳥Ｃ,6.5, 4000,2LDK,69,南,テラス・タウンハウス,14
ブルームコート 103号室,6, 4500,2LDK,60,南,アパート,19
ヴィトワール,4.95, 3500,1LDK,50,南,アパート,18
メゾン出町,5, 4000,3DK,50,南,マンション,29
モデルノ・デーアＢ,5.05, 2000,1LDK,47,南東,アパート,16
モデルノ・デーアＢ,5.05, 2000,1LDK,47,南東,アパート,16
パルテールヴィラＫ,5.1, 3750,2LDK,55,南西,マンション,23
パルテールヴィラＫ,5.1, 3750,2LDK,55,南西,マンション,23
モダンブレスＢ,5.8, 2000,1LDK,46,南,アパート,14
ジュエル,6.1, 4000,2LDK,54,南,アパート,16
ジュエル,6.1, 4000,2LDK,54,南,アパート,16
レジデンス・ｕI,6, 6000,2LDK,66,南,マンション,17
レジデンス・ｕI,6, 6000,2LDK,66,南,マンション,17
レジデンス・ｕII,6, 6000,2LDK,66,南,マンション,17
レジデンス・ｕII,6, 6000,2LDK,66,南,マンション,17
グランシャリオI,6.4, 4000,2LDK,57,南,マンション,13
グランシャリオ 2H号室,5, 4000,3DK,58,南,マンション,25
アドーラ木曽川III 202号室,6.3, 2000,2LDK,62,南,アパート,16
アドーラ木曽川III,6.3, 2000,2LDK,62,南,アパート,16
ロイヤル木の家,5.8, 3500,2LDK,52,南,アパート,20
プリーマ・パラスト,5.9, 2000,2LDK,64,南,アパート,18
アド－ラ木曽川III 202号室,6.3, 2000,2LDK,62,南,アパート,16
ロイヤル木の家,5.8, 3500,2LDK,52,南,アパート,20
名鉄尾西線 萩原駅 4階建 築10年,6.2, 4500,2LDK,60,南,マンション,10
プリミエールさくら,6.2, 4500,2LDK,60,南,マンション,10
カペル,4.55, 4000,2DK,46,南,アパート,15
OAK CITY N-W 101号室,5.3, 3250,2LDK,53,南,マンション,26
リバーサイド雅,5.6, 3800,1LDK,51,南,マンション,18
メゾン山和Ａ棟,6.05, 2000,2LDK,64,-,アパート,18
名鉄尾西線 開明駅 2階建 築18年,6.05, 2000,2LDK,64,-,アパート,18
ＯＡＫＣＩＴＹＮ－Ｅ,5.4, 3250,3DK,58,南,マンション,26
アルフォンティーヌＳ棟,5.8, 4000,1LDK,48,南東,マンション,15
リバーサイド雅,5.6, 3800,1LDK,51,南,マンション,18
サクシード,6.05, 2000,3LDK,69,南,アパート,18
サクシード,6.05, 2000,3LDK,69,南,アパート,18
ハイネスＩＭＡＩ,5.65, 35000,2LDK,54,南,マンション,20
コンセルヴェ常願,5.55, 2000,1LDK,43,南,アパート,6
コンセルヴェ常願,5.55, 2000,1LDK,43,南,アパート,6
サクシード,6.05, 2000,3LDK,69,南,アパート,18
メゾン山和 A棟,6.06, 2000,2LDK,64,南,アパート,18
名鉄名古屋本線 今伊勢駅 2階建 築23年,5.9, 3350,3LDK,63,南,アパート,23
ガーデンハイム,5.9, 3350,3LDK,63,南,アパート,23
フェリーチェＡ,5.7, 4500,1LDK,40,南,アパート,18
フェリーチェＡ,5.7, 4500,1LDK,40,南,アパート,18
ササフラスI,5.9, 2500,2LDK,54,南,アパート,15
ササフラスI,5.9, 2500,2LDK,54,南,アパート,15
ＶＥＲＴＥＸＶＩＬＬＡ,5.5, 4500,2LDK,58,南,マンション,23
名鉄名古屋本線 妙興寺駅 2階建 築15年,5.9, 2500,2LDK,54,南,アパート,15
ミレニアム三条,4.2, 3000,2LDK,60,南,アパート,22
プリーマ・パラスト,5.9, 2000,2LDK,64,南,アパート,18
メゾン・ド・アルモニー,5.6, 2000,1LDK,56,南,アパート,17
サニーホームズ,6, 4500,2LDK,54,南西,アパート,14
大椿ビルV 302号室,5.3, 4000,4DK,70,東,マンション,32
大椿ビルV 302号室,5.3, 4000,4DK,70,東,マンション,32
エルミタージュ,6, 3800,2LDK,57,南,アパート,19
ヴィトワール,4.8, 3500,1LDK,50,南,アパート,18
ＪＲ東海道本線 尾張一宮駅 2階建 築16年,6.25, 3300,2LDK,65,南,アパート,16
ＪＲ東海道本線 尾張一宮駅 2階建 築16年,6.25, 3300,2LDK,65,南,アパート,16
ＪＲ東海道本線 尾張一宮駅 2階建 築16年,6.25, 3300,2LDK,65,南,アパート,16
ＪＲ東海道本線 尾張一宮駅 2階建 築16年,6.25, 3300,2LDK,65,南,アパート,16
名鉄尾西線 萩原駅 4階建 築10年,6.3, 4500,2LDK,60,南,マンション,10
サンシェード 202号室,5.5, 2500,2LDK,58,南,アパート,17
サンシェード 202号室,5.5, 2500,2LDK,58,南,アパート,17
モダンブレスＢ,5.8, 2000,1LDK,46,南,アパート,14
モダンブレスＢ,5.8, 2000,1LDK,46,南,アパート,14
ベルアンジュ,5.35, 3500,1LDK,46,南,アパート,16
ベルアンジュ,5.35, 3500,1LDK,46,南,アパート,16
ベルアンジュ,5.35, 3500,1LDK,46,南,アパート,16
サンシェード 202号室,5.5, 2500,2LDK,58,南,アパート,17
サンシェード 202号室,5.5, 2500,2LDK,58,南,アパート,17
サンシェード 202号室,5.5, 2500,2LDK,58,南,アパート,17
モダンブレスＢ,5.8, 2000,1LDK,46,南,アパート,14
ベルアンジュ,5.35, 3500,1LDK,46,南,アパート,16
ハイネスIMAI 302号室,5.65, 3500,2LDK,54,南,マンション,20
ハイネスIMAI 302号室,5.65, 3500,2LDK,54,南,マンション,20
プランドール,5.7, 7000,1LDK,45,南西,マンション,18
モデルノ・デ－アＢ,5.05, 2000,1LDK,47,南,アパート,16
OAK CITY N-W,5.4, 3250,2LDK,53,南,マンション,26
OAK CITY N-W,5.4, 3250,2LDK,53,南,マンション,26
グランメールＫＡＺＵ,5.4, 4000,2LDK,53,南,マンション,26
グランチェスタＳＯＵＴＨ,6.5, 4000,2LDK,60,南,マンション,16
ウッドストック８７,4.7, 2000,2LDK,59,南,テラス・タウンハウス,27
ササフラスI 103号室,5.9, 2500,2LDK,54,南,アパート,15
ササフラスI 103号室,5.9, 2500,2LDK,54,南,アパート,15
ササフラスI,5.9, 2500,2LDK,54,南,アパート,15
名鉄名古屋本線 妙興寺駅 2階建 築13年,5.4, 3500,1LDK,38,南,アパート,13
ササフラスI 103号室,5.9, 2500,2LDK,54,南,アパート,15
クオリティパレス,6.3, 4000,2LDK,58,南,マンション,15
レジデンス杉 205号室,5.9, 2500,2LDK,65,南,アパート,18
レジデンス杉 205号室,5.9, 2500,2LDK,65,南,アパート,18
シャトーヘルス,5.3, 4000,3DK,62,南,マンション,28
フローラＹＯＫＯ 203号室,5.1, 3000,1LDK,40,南,マンション,23
レジデンス杉 205号室,5.9, 2500,2LDK,65,南,アパート,18
ヴェルドミールII,5.5, 4500,3DK,55,南,アパート,23
ヴェルドミールII,5.5, 4500,3DK,55,南,アパート,23
グランピア今伊勢,6, 3500,2LDK,57,南,マンション,20
グランピア今伊勢,6, 3500,2LDK,57,南,マンション,20
名鉄名古屋本線 石刀駅 2階建 築21年,5.5, 2100,2LDK,62,南,アパート,21
メゾン・ド・アルモニー 203号室,5.6, 2000,1LDK,56,南,アパート,17
メゾン・ド・アルモニー 203号室,5.6, 2000,1LDK,56,南,アパート,17
ヒルクレスト開明,6.1, 6000,2LDK,64,南,マンション,20
メゾン・ド・アルモニー 203号室,5.6, 2000,1LDK,56,南,アパート,17
フォレストハイム 105号室,5, 4000,1LDK,33,-,アパート,19
プリミエールさくら,6.3, 4500,2LDK,60,南,マンション,10
オリーブ館,5.7, 4000,1LDK,46,南,マンション,16
ＰＲＩＮＣＥＶＩＬＬＥ,5.5, 3000,2LDK,53,南,アパート,22
ＶＥＲＴＥＸＣＯＵＲＴ,5.4, 4500,2LDK,58,南,マンション,23
大椿ビルV,5.4, 5000,4DK,70,東,マンション,32
レジデンスMAX 1102号室,5.1, 5000,2LDK,63,南,マンション,28
テラビスタIII,5.75, 1500,1LDK,42,南東,アパート,8
グランチェスタＳＯＵＴＨII,5.4, 3500,1LDK,38,南東,マンション,13
フェリーチェ A,5.7, 4800,1LDK,40,南,アパート,18
カモミール,5.4, 4000,1LDK,33,南,アパート,18
名鉄名古屋本線 石刀駅 2階建 築18年,5.4, 4000,1LDK,33,南,アパート,18
レジデンス杉,5.9, 2500,2LDK,65,南,アパート,18
レジデンス杉,5.9, 2500,2LDK,65,南,アパート,18
カーサキアーロ,5.75, 2500,1LDK,46,南,アパート,16
カーサキアーロ,5.75, 2500,1LDK,46,南,アパート,16
シャイニングシティー木曽川,5.2, 3000,1LDK,41,西,マンション,23
カーサキアーロ,5.75, 2500,1LDK,46,南,アパート,16
メゾンドール天神,5.9, 7000,3LDK,68,南,マンション,28
ビアンサクラ,5.4, 4000,2DK,51,南,マンション,20
クオリティパレス,6.4, 4000,2LDK,58,南,マンション,15
イリーデ 201号室,5.3, 3300,2LDK,59,南西,アパート,15
イリーデ 201号室,5.3, 3300,2LDK,59,南西,アパート,15
ハイム・ハピネス,6.8, 4000,2LDK,61,南,アパート,14
ＪＲ東海道本線 尾張一宮駅 2階建 築16年,6.5, 4000,2LDK,60,南,アパート,16
グランピア今伊勢 102号室,6, 3500,2LDK,57,南,アパート,20
ペガサス,5.3, 3000,1LDK,42,西,アパート,7
ペガサス,5.3, 3000,1LDK,42,西,アパート,7
ペガサス,5.3, 3000,1LDK,42,西,アパート,7
グランデージ藤山,4.5, 6000,2LDK,59,南,マンション,25
ペガサス,5.3, 3000,1LDK,42,西,アパート,7
メゾンドゥグロリア,4.6, 5500,1LDK,46,南西,マンション,20
グランドゥール・ソフィア,5.8, 4000,2LDK,68,南,マンション,18
リンピア里小牧,4.9, 3000,3DK,58,南,マンション,29
リネット中野,6.2, 5000,2LDK,59,-,マンション,18
名鉄尾西線 苅安賀駅 3階建 築18年,6.2, 5000,2LDK,59,-,マンション,18
セジュール若宮Ａ棟,5, 3000,2LDK,54,南,アパート,32
ヴィラアルカディア,4.8, 4000,1LDK,51,南,アパート,17
シャイニングシティー木曽川,5.2, 3000,1LDK,41,西,マンション,23
ＢｅｌｌｅＣｉｅｌ,5.5, 4500,1LDK,45,南,マンション,15
グランピア今伊勢 102号室,6, 3500,2LDK,57,南,アパート,20
ドゥーコワン,5.5, 2100,2LDK,62,南,アパート,21
ファーニバルOGIHARA 5号室,6.4, 2000,2LDK,61,南,テラス・タウンハウス,18
ファーニバルOGIHARA,6.4, 2000,2LDK,61,南,テラス・タウンハウス,18
ブルームコート,6.3, 4500,2LDK,60,南,アパート,19
ブルームコート,6.3, 4500,2LDK,60,南,アパート,19
クラウディアゆう,5.5, 3500,2LDK,55,南,アパート,19
アネックス一宮駅前,5.9, 7000,2LDK,55,南,マンション,24
セーヌ,5.9, 3500,1LDK,45,南,アパート,6
名鉄名古屋本線 妙興寺駅 2階建 築6年,5.9, 3500,1LDK,45,南,アパート,6
プラッサムコート森本Ａ,5.5, 3800,2LDK,60,南,テラス・タウンハウス,17
ポライトリー・M,5.8, 3500,1LDK,45,南,アパート,14
ＪＲ東海道本線 木曽川駅 2階建 築6年,6.3, 4500,1LDK,33,南,アパート,6
モデラート５４ 201号室,4.95, 3500,2LDK,58,南,アパート,18
ブルーハイツ 202号室,6.4, 4500,2LDK,49,南東,アパート,3
名鉄名古屋本線 名鉄一宮駅 13階建 築15年,5.1, 7000,1K,25,南,マンション,15
バル五番館,6, 3000,3LDK,73,南,マンション,30
セジュール若宮Ａ 102号室,5, 3000,2LDK,54,南,アパート,32
セジュール若宮Ａ 102号室,5, 3000,2LDK,54,南,アパート,32
メゾンドゥグロリア,4.6, 5500,1LDK,46,南西,マンション,20
セジュール若宮 A 102号室,5, 3000,2LDK,54,南,アパート,32
サニーコート,5.4, 3500,2LDK,55,南,アパート,15
ＳｍａｒｔＨｏｍｅII 201号室,6.2, 3500,2LDK,55,南,アパート,6
アレフ３,5.5, 5000,3LDK,58,南,マンション,31
ダイナーズハイツ,4.6, 4500,3DK,50,南,マンション,27
セジュール若宮A 102号室,5, 3000,2LDK,54,南,アパート,32
ヴィラアルカディア 201号室,4.8, 4000,1LDK,51,南,アパート,17
ヴィラアルカディア 201号室,4.8, 4000,1LDK,51,南,アパート,17
ダイアヒルズ花池,5.9, 3500,3LDK,60,南西,マンション,29
ダイアヒルズ花池,5.9, 3500,3LDK,60,南西,マンション,29
プランタン 102号室,5.5, 5000,3DK,61,南,マンション,27
オリエンスフォルムＫ,5.3, 2500,2LDK,58,南,アパート,20
セレノＮ,6.65, 2000,2LDK,69,南,アパート,11
コーポロイヤル貴船Ｂ,5.1, 3000,3DK,60,南,マンション,29
メゾン川口VI,5.2, 5000,1LDK,35,南西,マンション,18
エスパシオ佐千原,5, 6000,2LDK,59,南,マンション,23
エスパシオ佐千原,5, 6000,2LDK,59,南,マンション,23
MARCHE一宮 406号室,5.1, 7000,1K,25,南,マンション,15
ブルーハイツ,6.4, 4500,2LDK,49,南東,アパート,3
ブルーハイツ,6.4, 4500,2LDK,49,南東,アパート,3
ブルーハイツ 202号室,6.4, 4500,2LDK,49,南東,アパート,3
ブルーハイツ,6.4, 4500,2LDK,49,南東,アパート,3
名鉄尾西線 玉ノ井駅 2階建 築3年,6.4, 4500,2LDK,49,南,アパート,3
名鉄尾西線 玉ノ井駅 2階建 築3年,6.4, 4500,2LDK,49,南東,アパート,3
フローラティＤ棟,6.5, 4500,2SLDK,63,南西,アパート,21
アルモニーＨ 203号室,5.55, 3000,2LDK,59,東,アパート,18
アルモニーＨ 203号室,5.55, 3000,2LDK,59,東,アパート,18
アルモニ－Ｈ 203号室,5.55, 3000,2LDK,59,東,アパート,18
メゾン・ド・フォーレ神山Ａ棟,5, 3000,2LDK,49,南,マンション,31
ＥＳ千間堂II,6.2, 3000,3LDK,55,南,アパート,26
グランツ今伊勢 201号室,6.4, 2000,1LDK,49,南東,アパート,11
グランツ今伊勢 201号室,6.4, 2000,1LDK,49,南東,アパート,11
グランツ今伊勢,6.4, 2000,1LDK,49,南東,アパート,11
グランツ今伊勢 201号室,6.4, 2000,1LDK,49,南東,アパート,11
リンピア里小牧,4.9, 3000,3DK,58,南,マンション,29
ファーニバルＯＧＩＨＡＲＡ 5号室,6.4, 2000,2LDK,61,南,テラス・タウンハウス,18
Ｈｉｔｏｓ３８Ｃ棟,4.2, 3800,2LDK,60,南,テラス・タウンハウス,26
レジデンス グー グー,6.4, 2000,1LDK,40,南,アパート,3
リンピア里小牧,4.9, 3000,3DK,58,南,マンション,29
ファーニバルＯＧＩＨＡＲＡ 6号室,6.4, 2000,2LDK,61,南,テラス・タウンハウス,18
ロイヤルアサノ 101号室,5.1, 4000,2DK,49,南,マンション,26
ダイナーズハイツ,4.6, 4500,3DK,50,南,マンション,27
ジェネシスI,5.8, 4000,2LDK,59,南東,アパート,15
一宮市木曽川町の戸建て １ 1号室,6, -,6SLDK,121,-,一戸建て,49
ウィステリア石刀I 202号室,5.95, 2500,1LDK,46,南,アパート,12
名鉄尾西線 奥町駅 2階建 築11年,5.9, 4500,1LDK,45,南,アパート,11
名鉄名古屋本線 妙興寺駅 2階建 築6年,5.9, 3500,1LDK,45,南,アパート,6
セーヌ,5.9, 3500,1LDK,45,南,アパート,6
セーヌ,5.9, 3500,1LDK,45,南,アパート,6
セーヌ,5.9, 3500,1LDK,45,南,アパート,6
セーヌ,5.9, 3500,1LDK,45,南,アパート,6
セーヌ,5.9, 3500,1LDK,45,南,アパート,6
セーヌ,5.9, 3500,1LDK,45,南,アパート,6
名鉄名古屋本線 妙興寺駅 2階建 築6年,5.9, 3500,1LDK,45,南,アパート,6
セーヌ,5.9, 3500,1LDK,45,南,アパート,6
エル・メゾン,4.9, 3000,1K,33,南,アパート,14
名鉄尾西線 観音寺駅 4階建 築26年,5.3, 3000,2LDK,58,南,マンション,26
カームパインツリー２３,4.6, 2000,3DK,56,南,マンション,29
ｅ・Ｌａｖｉｅ木曽川,6.3, 4500,1LDK,33,南,アパート,6
メゾン・ド・フォーレ神山Ｂ棟,5, 3000,2LDK,52,南,マンション,31
サニーホームズ,6.5, 4500,2LDK,54,南,アパート,14
ラフィネ木曽川,5.5, 3000,2LDK,58,南,マンション,25
名鉄名古屋本線 新木曽川駅 2階建 築14年,4.6, 4500,1K,22,西,アパート,14
ジャスミンＡ,5.5, 3500,1LDK,33,西,アパート,17
ロイヤルアサノ 101号室,5.1, 4000,2DK,49,南,マンション,26
グランデージＪＵＮ 401号室,6, 4000,2LDK,59,南,マンション,25
グランデージＪＵＮ 401号室,6, 4000,2LDK,59,南,マンション,25
ウィステリア石刀I 202号室,5.95, 2500,1LDK,46,南,アパート,12
ウィステリア石刀I 202号室,5.95, 2500,1LDK,46,南,アパート,12
リバーサイドレジデンスＢ 101号室,5.15, 1500,2LDK,63,南,アパート,19
グリーンビレッジ萩原Ａ,5, 3000,2LDK,54,南,アパート,33
エクシードB,4.6, 3000,3DK,49,-,アパート,30
エクシードB 202号室,4.6, 3000,3DK,49,-,アパート,30
Ｂelle Ciel（ベル シエル）,5.5, 4500,1LDK,45,南,マンション,15
フローラティＡ棟,6.2, 3500,2LDK,62,南,アパート,21
フローラティＡ・ＢＡ 101号室,6.2, 4500,2LDK,62,南,アパート,21
フローラティA 101号室,6.2, 4500,2LDK,62,南,アパート,21
さくらＡ,5.1, 2910,2LDK,52,南,アパート,19
名鉄尾西線 二子駅 2階建 築19年,5.1, 2910,2LDK,52,南,アパート,19
名鉄尾西線 二子駅 2階建 築19年,5.1, 2910,2LDK,52,南,アパート,19
さくらＡ,5.1, 2910,2LDK,52,南,アパート,19
さくらＡ,5.1, 2910,2LDK,52,南,アパート,19
名鉄尾西線 二子駅 2階建 築19年,5.1, 2910,2LDK,52,南,アパート,19
さくらA,5.1, 2910,2LDK,52,南,アパート,19
グランツ今伊勢,6.45, 2000,1LDK,49,南東,アパート,11
グランツ今伊勢,6.45, 2000,1LDK,49,南東,アパート,11
カーサノリタケ,5.9, 4500,1LDK,45,南,アパート,12
ウエストヒルズＭＡＲＵＫＡ,5.4, 5000,2LDK,56,南,マンション,25
ウエストヒルズＭＡＲＵＫＡ,5.4, 5000,2LDK,56,南,マンション,25
カームパインツリー２３ 305号室,4.6, 2000,3DK,56,南,マンション,29
カームパインツリー２３ 305号室,4.6, 2000,3DK,56,南,マンション,29
セーヌ,5.9, 3500,1LDK,45,南,マンション,6
セーヌ,5.9, 3500,1LDK,45,南,アパート,6
リヴェール一色,4.9, 3500,1K,30,南,アパート,17
プラッサムコート森本Ａ 102号室,5.5, 3800,2LDK,60,南,テラス・タウンハウス,17
プラッサムコート森本Ａ 102号室,5.5, 3800,2LDK,60,南,テラス・タウンハウス,17
ロイヤルガーデンルピナス館Ｅ,6.8, 5000,2LDK,61,-,アパート,13
ロイヤルガーデンルピナス館,6.8, 5500,2LDK,61,南,アパート,13
ティアラＫ,6.8, 4000,3LDK,67,南,マンション,24
エデンII,5.8, 4000,2LDK,58,南,マンション,14
コーポロイヤル貴船Ｂ,5.3, 3000,3DK,60,南,マンション,29
名鉄名古屋本線 今伊勢駅 5階建 築25年,6, 4000,2LDK,59,南,マンション,25
Hitos38C 102号室,4.2, 3800,2LDK,60,南,テラス・タウンハウス,26
Hitos38C 102号室,4.2, 3800,2LDK,60,南,テラス・タウンハウス,26
エクシードＢ棟,4.6, 3000,3DK,49,南,アパート,30
サンクレーブ,4.2, 3000,2LDK,50,南,アパート,25
リネット中野,6.2, 5000,2LDK,59,南,マンション,18
ラフィネ木曽川,5.6, 3000,2LDK,58,南,マンション,25
フローラティA・BA 101号室,6.2, 4500,2LDK,62,南,アパート,21
マジョリティー,4.7, 1800,2DK,45,南,アパート,22
名鉄名古屋本線 今伊勢駅 2階建 築22年,4.7, 1800,2DK,45,南,アパート,22
名鉄名古屋本線 今伊勢駅 2階建 築22年,4.7, 1800,2DK,45,南,アパート,22
名鉄名古屋本線 今伊勢駅 2階建 築22年,4.7, 1800,2DK,45,南,アパート,22
マジョリティー,4.7, 1800,2DK,45,南,アパート,22
マジョリティー,4.7, 1800,2DK,45,南,アパート,22
ＪＲ東海道本線 尾張一宮駅 13階建 築15年,5.1, 7000,1K,25,南,マンション,15
川口ハイツ,5.5, 5000,1LDK,51,南,アパート,18
川口ハイツ,5.5, 5000,1LDK,50,南,アパート,18
セントルシア,6.2, 3000,2LDK,57,南,マンション,22
グランディアI 301号室,6.6, 5000,2LDK,50,南,マンション,21
ＰＨＯＥＮＩＸI,5.6, 3000,2DK,44,東,マンション,23
ラ・ミアカーサ,6.7, 4000,2LDK,66,南,テラス・タウンハウス,7
Ｂelle Ciel（ベル シエル）,5.6, 4500,1LDK,45,南,マンション,15
サンリットレジデンス,5.8, 2500,2LDK,56,南,アパート,17
名鉄名古屋本線 妙興寺駅 2階建 築17年,5.8, 2500,2LDK,56,南,アパート,17
名鉄名古屋本線 妙興寺駅 2階建 築17年,5.8, 2500,2LDK,56,南,アパート,17
名鉄名古屋本線 妙興寺駅 2階建 築17年,5.8, 2500,2LDK,56,南,アパート,17
サンリットレジデンス,5.8, 2500,2LDK,56,南,アパート,17
サンリットレジデンス,5.8, 2500,2LDK,56,南,アパート,17
ベッロボスコ,6.95, 2000,2LDK,67,南,アパート,12
ベッロボスコ,6.95, 2000,2LDK,67,南,アパート,12
ベッロボスコ,6.95, 2000,2LDK,67,南,アパート,12
ベッロボスコ,6.95, 2000,2LDK,67,南,アパート,12
ベッロボスコ,6.95, 2000,2LDK,67,南,アパート,12
エスパシオ佐千原 401号室,5, 6000,2LDK,59,南,アパート,23
エスペランサちあきＡ,6.8, 3500,2LDK,63,南,テラス・タウンハウス,13
シャイニングシティー木曽川,5.2, 3000,1LDK,41,西,マンション,23
ロイヤルガーデンルピナス館 E,6.8, 5000,2LDK,61,南,アパート,13
ロイヤルガーデンルピナス館 E,6.8, 5000,2LDK,61,南,アパート,13
名鉄名古屋本線 黒田駅 3階建 築13年,6.8, 5000,2LDK,61,-,アパート,13
ロイヤルガーデンルピナス館 E,6.8, 5000,2LDK,61,南,アパート,13
ウィステリア石刀,6, 2500,1LDK,46,南,アパート,12
メルカート０３,5.75, 4000,1LDK,36,南東,アパート,2
ＵＨ浅野,6.5, 2000,1LDK,45,南,アパート,4
プリムロ－ズ彦田,4.6, 2500,1K,26,北,アパート,15
ウインドベル,5.1, 3000,1LDK,43,南西,アパート,19
ウインドベル,5.1, 3000,1LDK,43,南,アパート,19
名鉄名古屋本線 今伊勢駅 2階建 築19年,5.1, 3000,1LDK,43,南西,アパート,19
名鉄名古屋本線 今伊勢駅 2階建 築19年,5.1, 3000,1LDK,43,南西,アパート,19
ウインドベル,5.1, 3000,1LDK,43,南西,アパート,19
ウインドベル,5.1, 3000,1LDK,43,南西,アパート,19
名鉄名古屋本線 今伊勢駅 2階建 築19年,5.1, 3000,1LDK,43,南西,アパート,19
ウインドベル,5.1, 3000,1LDK,43,南西,アパート,19
名鉄名古屋本線 島氏永駅 2階建 築11年,5.45, 2500,1LDK,45,南,アパート,11
ベルカノン,5.45, 2500,1LDK,45,南,アパート,11
名鉄名古屋本線 島氏永駅 2階建 築11年,5.45, 2500,1LDK,45,南,アパート,11
ベルカノン,5.45, 2500,1LDK,45,南,アパート,11
ベルカノン,5.45, 2500,1LDK,45,南,アパート,11
名鉄名古屋本線 島氏永駅 2階建 築11年,5.45, 2500,1LDK,45,南,アパート,11
名鉄名古屋本線 島氏永駅 2階建 築11年,5.45, 2500,1LDK,45,南,アパート,11
プランタン,5.5, 5000,3DK,61,南,マンション,27
名鉄犬山線 江南駅 2階建 新築,7.15, 4000,2LDK,59,南西,アパート,0
名鉄名古屋本線 妙興寺駅 2階建 築27年,5.5, 3000,2LDK,50,南,アパート,27
ラフィネ木曽川,5.6, 3000,3DK,58,南,マンション,25
アイダイトクI 203号室,5.4, 3000,2LDK,51,南,アパート,18
アイダイトクI 203号室,5.4, 3000,2LDK,51,南,アパート,18
ＯＫＡＤＡＨＯＵＳＥＣ棟,5.2, 3500,2DK,50,南,アパート,17
ジャスミン,5.5, 3500,1LDK,33,西,アパート,17
アネックスフレンド,5.5, 4000,2LDK,56,南,アパート,31
アネックスフレンド,5.5, 4000,2LDK,56,南,アパート,31
レジデンスグーグー,6.4, 2000,1LDK,40,南,アパート,3
レジデンスグーグー,6.4, 2000,1LDK,40,南,アパート,3
名鉄名古屋本線 妙興寺駅 2階建 築3年,6.4, 2000,1LDK,40,南,アパート,3
名鉄名古屋本線 妙興寺駅 2階建 築3年,6.4, 2000,1LDK,40,南,アパート,3
レジデンスグーグー,6.4, 2000,1LDK,40,南,アパート,3
レジデンスグーグー,6.4, 2000,1LDK,40,南,アパート,3
レジデンスグーグー,6.4, 2000,1LDK,40,南,アパート,3
名鉄名古屋本線 妙興寺駅 2階建 築3年,6.4, 2000,1LDK,40,南,アパート,3
さつき館 201号室,6.3, 3500,2LDK,55,南,アパート,23
ユーズサンレミ,5.4, 5000,2LDK,58,南,マンション,18
ユーズサンレミ,5.4, 5000,2LDK,58,南,マンション,18
グリーンフィールドII,5.5, 3000,2LDK,60,南,テラス・タウンハウス,26
グリーンフィールドIII,5.5, 3000,2LDK,60,南,テラス・タウンハウス,26
マジョリティー,4.7, 1800,2DK,45,南,アパート,22
ユーズサンレミ,5.4, 5000,2LDK,58,南,マンション,18
ユーズサンレミ,5.4, 5000,2LDK,58,南,マンション,18
ユーズサンレミ,5.4, 5000,2LDK,58,南,マンション,18
ユーズサンレミ,5.4, 5000,2LDK,58,南,マンション,18
ユーズサンレミ,5.4, 5000,2LDK,58,南,マンション,18
サンヴィレッジK,5.5, 3000,2LDK,50,南,アパート,28
ＪＲ東海道本線 尾張一宮駅 10階建 築10年,4.9, 6000,1K,25,東,マンション,10
トゥインクル,6.55, 4000,1LDK,50,南西,アパート,0
ユーズサンレミ,5.4, 5000,2LDK,58,南,マンション,18
ＪＲ東海道本線 稲沢駅 6階建 築18年,5.4, 5000,2LDK,58,南,マンション,18
ユーズサンレミ,5.4, 5000,2LDK,58,南,マンション,18
ＪＲ東海道本線 稲沢駅 6階建 築18年,5.4, 5000,2LDK,58,南,マンション,18
ＪＲ東海道本線 稲沢駅 6階建 築18年,5.4, 5000,2LDK,58,南,マンション,18
ＪＲ東海道本線 稲沢駅 6階建 築18年,5.4, 5000,2LDK,58,南,マンション,18
ＪＲ東海道本線 稲沢駅 6階建 築18年,5.4, 5000,2LDK,58,南,マンション,18
エスポワール８０,5.6, 2900,2LDK,54,南,アパート,18
フォーチューン・メゾン 101号室,6.45, 2500,1LDK,43,南,アパート,0
フォーチューン・メゾン 101号室,6.45, 2500,1LDK,43,南,アパート,0
フォーチューン・メゾン 103号室,6.45, 2500,1LDK,43,南,アパート,0
フォーチューン・メゾン 103号室,6.45, 2500,1LDK,43,南,アパート,0
エスパシオ佐千原,5.3, 6000,2LDK,59,南,マンション,23
フォーチューン・メゾン 103号室,6.45, 2500,1LDK,43,南,アパート,0
リネット花池IV,5, 4000,1K,32,南,マンション,18
マンションＫＩＭＵＲＡ,4.7, 3000,3LDK,58,南,マンション,36
Ｐｉｖｏｔ,6.6, 4100,2LDK,58,南,マンション,18
アイダイトクI 203号室,5.4, 3000,2LDK,51,南,アパート,18
エクセルＨＡＭＡＤＡ,5.2, 3500,3DK,60,南,アパート,31
エスポワール森本 203号室,5.2, 4000,2LDK,55,南,アパート,24
エスポワール森本 203号室,5.2, 4000,2LDK,55,南,アパート,24
プランタン,5.5, 5000,3DK,61,南,マンション,27
名鉄名古屋本線 石刀駅 2階建 築16年,4.5, 4000,1K,32,南,アパート,16
メゾン・ド・フォーレ神山Ａ棟,4.7, 3000,2LDK,49,南,マンション,31
チバリーハイツＡ棟,5.1, 3800,2LDK,60,東,テラス・タウンハウス,21
パセオプラシード,5.6, 3000,1LDK,55,南,アパート,23
ロイヤルガーデンルピナス館Ｅ,6.8, 5000,2LDK,61,南,アパート,13
名鉄名古屋本線 黒田駅 3階建 築13年,6.8, 5000,2LDK,61,南,アパート,13
メルカート０３,5.75, 4000,1LDK,36,南東,アパート,2
メルカート０３,5.75, 4000,1LDK,36,南東,アパート,2
リネット多加木,5.8, 4000,3LDK,65,南東,マンション,26
名鉄名古屋本線 新木曽川駅 5階建 築22年,4.9, 6000,2DK,52,-,アパート,22
スカイハイツ,5.2, 5000,2DK,44,東,マンション,24
ドルチェII,4.85, 2500,1LDK,37,南,アパート,13
ＪＲ東海道本線 尾張一宮駅 10階建 築10年,5, 6000,1K,25,東,マンション,10
スターブルＮＯＭＵＲＡ,5.5, 3500,1LDK,33,南,アパート,17
フローラティＣ・ＤＤ 210号室,6.5, 4500,2LDK,63,南,アパート,21
ジェネシスII,5.8, 4000,2LDK,59,南,アパート,15
アネックス一宮III,6.6, 7000,2LDK,61,南,マンション,18
ジェネシスI,5.8, 4000,2LDK,59,南,アパート,15
グランピア今伊勢 102号室,6, 3500,2LDK,57,南,アパート,20
ファーニバルＯＧＩＨＡＲＡ,6.8, 2000,2LDK,61,南,テラス・タウンハウス,18
コーポ友佳里,5, 3000,3DK,51,南,アパート,33
エスポワール８０,5.6, 2900,2LDK,54,南,アパート,18
名鉄名古屋本線 妙興寺駅 2階建 築18年,5.6, 2900,2LDK,54,南,アパート,18
名鉄名古屋本線 妙興寺駅 2階建 築18年,5.6, 2900,2LDK,54,南,アパート,18
名鉄名古屋本線 妙興寺駅 2階建 築18年,5.6, 2900,2LDK,54,南,アパート,18
エスポワール８０,5.6, 2900,2LDK,54,南,アパート,18
名鉄名古屋本線 妙興寺駅 4階建 築18年,5, 4000,1K,32,南,マンション,18
名鉄名古屋本線 妙興寺駅 4階建 築18年,5, 4000,1K,32,南,マンション,18
ユーズサンレミ,5.5, 5000,2LDK,58,南,マンション,18
ＳＰＡＣＥII,6.5, 3000,2LDK,59,南,マンション,22
ジェネシスII,5.8, 4000,2LDK,59,南,アパート,15
名鉄名古屋本線 石刀駅 6階建 築39年,5.4, 4000,3LDK,66,南,マンション,39
ユーズサンレミ,5.5, 5000,2LDK,58,南,マンション,18
ＪＲ東海道本線 稲沢駅 6階建 築18年,5.5, 5000,2LDK,58,南,マンション,18
ＪＲ東海道本線 稲沢駅 6階建 築18年,5.5, 5000,2LDK,58,南,マンション,18
ユーズサンレミ,5.5, 5000,2LDK,58,南,マンション,18
ジェネシスI,5.8, 4000,2LDK,59,南,アパート,15
ジェネシスI,5.8, 4000,2LDK,59,南,アパート,15
ＪＲ東海道本線 稲沢駅 2階建 築15年,5.8, 4000,2LDK,59,南,アパート,15
ジェネシスI,5.8, 4000,2LDK,59,南,アパート,15
ジェネシスII,5.8, 4000,2LDK,59,南,アパート,15
サニーホームズ,6.8, 4500,2LDK,54,南,アパート,14
ロイヤルガ－デンルピナス館,6.8, 5000,2LDK,61,南東,アパート,13
リネット多加木 5B号室,5.8, 4000,3LDK,65,南東,マンション,26
リネット多加木 2B号室,5.8, 4000,3LDK,65,南東,マンション,26
リネット多加木,5.8, 4000,3LDK,65,南,マンション,26
リネット多加木,5.8, 4000,3LDK,65,南,マンション,26
リネット多加木,5.8, 4000,3LDK,65,南,マンション,26
リネット多加木 5B号室,5.8, 4000,3LDK,65,南東,マンション,26
ＪＲ東海道本線 稲沢駅 2階建 築15年,5.8, 4000,2LDK,59,南,アパート,15
ベルカノン,5.45, 2500,1LDK,45,南,アパート,11
グランシャリオ,5.9, 4000,3DK,58,南,マンション,25
名鉄名古屋本線 妙興寺駅 3階建 築30年,5.2, 3000,3DK,60,南,アパート,30
グランシャリオB,5.9, 4000,3DK,58,南,マンション,25
レジデンスＭＩＺＵＯ２１,6.5, 6000,3LDK,65,南,マンション,24
ハイビスカス辰己 101号室,6.5, 5000,2LDK,57,-,マンション,18
ジャスミン A,5.5, 3500,1LDK,33,西,アパート,17
レオパレスサンハイツエイト 108号室,4.4, 4500,2DK,50,-,アパート,23
レジデンスグーグー,6.4, 2000,1LDK,40,南,アパート,3
ＢＥＲＬＡＧＥＶＩＬＬＡＧＥ,6, 3000,2LDK,59,南,マンション,26
ウェークフォレストブロンド 606号室,5.1, 6000,1DK,32,南,マンション,23
ウェークフォレストブロンド 606号室,5.1, 6000,1DK,32,南,マンション,23
セコイアＢ,5.05, 2200,ワンルーム,34,南,アパート,7
セコイアＢ,5.05, 2200,ワンルーム,34,南,アパート,7
ＪＲ東海道本線 尾張一宮駅 2階建 築7年,5.05, 2200,ワンルーム,34,南,アパート,7
ＪＲ東海道本線 尾張一宮駅 2階建 築7年,5.05, 2200,ワンルーム,34,南,アパート,7
レジデンスグーグーIII,6.8, 3000,1LDK,45,南,アパート,2
レジデンスグーグーIII,6.8, 3000,1LDK,45,南,アパート,2
レジデンスグーグーIII,6.8, 3000,1LDK,45,南,アパート,2
エスパシオ佐千原 401号室,5, 6000,2LDK,59,南,マンション,23
エスパシオ佐千原 401号室,5, 6000,2LDK,59,南,マンション,23
レジデンスグーグーIII,6.8, 3000,1LDK,45,南,アパート,2
エスパシオ佐千原 401号室,5, 6000,2LDK,59,南,マンション,23
サークルコープ,5.2, 3000,2LDK,59,南,マンション,36
サークルコープ,5.2, 3000,2LDK,59,南,マンション,36
サークルコープ,5.2, 3000,2LDK,57,南,マンション,36
サークルコープ,5.2, 3000,2LDK,57,南,マンション,36
エスパシオ佐千原 401号室,5, 6000,2LDK,59,南,マンション,23
LuceYUTAKA,5.2, 3500,1LDK,45,南,アパート,15
エスポワール８０,5.6, 2900,2LDK,54,南,アパート,18
ＢｅｌｌｅＤｅｍｅｕｒｅ２１Ａ棟,5, 3800,2LDK,58,東,アパート,23
オーシャン９１,5.3, 3000,3LDK,59,南,アパート,32
ベルカノン,5.45, 2500,1LDK,45,南,アパート,11
スクエア栄,5.2, 5000,ワンルーム,24,北,マンション,15
グランシャリオ,5.9, 4000,3DK,58,南,マンション,25
Ｎｅｗｌｉｆｅ,5.3, 4500,1K,22,南東,アパート,18
ハイツアミュー,4.9, 4000,2LDK,53,南,マンション,28
レーニス雅II,5.7, 3000,2LDK,60,南,マンション,21
モダンＫＭII,5.3, 2000,1LDK,32,南,アパート,6
アンセスター下沼Ａ,4.95, 2000,ワンルーム,33,南東,アパート,11
エスポワールＢ,6.2, 4500,1LDK,40,南,アパート,18
エスペランサ住吉 201号室,7.1, 4000,2LDK,50,-,アパート,16
ウィズユー苅安賀,5.5, 5000,2LDK,65,南,マンション,28
プレジデント篭屋,5.9, 3000,3DK,56,南,マンション,25
プレジデント篭屋,5.9, 3000,3DK,56,南,マンション,25
名鉄尾西線 苅安賀駅 5階建 築28年,5.5, 5000,2LDK,65,南,マンション,28
ウィズユー苅安賀,5.5, 5000,2LDK,65,南,マンション,28
名鉄尾西線 奥町駅 2階建 築19年,5.5, 3800,2LDK,67,南,テラス・タウンハウス,19
ドゥシャトレ,6.4, 4100,2LDK,57,南,アパート,19
エクシードA 2B号室,4.6, 3000,2LDK,49,-,マンション,34
フローラティＣ・ＤＤ 210号室,6.5, 4500,2LDK,63,南西,アパート,21
グランチェスタＳＯＵＴＨ,6.5, 4000,2LDK,60,南,アパート,16
サニーホームズ,7, 4500,2LDK,54,南,アパート,14
セジュールノリタケＢ棟,5.5, 4500,2LDK,55,南,アパート,26
プリマベーラ,5.6, 3000,1LDK,48,南,アパート,17
アネックス一宮駅前,6.5, 7000,2LDK,54,南,マンション,24
ＪＲ東海道本線 尾張一宮駅 8階建 築24年,6.5, 7000,2LDK,54,南,マンション,24
NEXUS野口,7, 3800,2LDK,63,南,アパート,18
カサグランデ赤見,5, 4000,2LDK,50,-,アパート,24
サンリットレジデンス,5.8, 2500,2LDK,56,南,アパート,17
ＬＯＲＤ・ＬＩ・ＥＳＴ,6.2, 4500,2LDK,61,南,マンション,22
ロイヤルガーデンルピナス館 E,6.8, 5000,2LDK,61,南,アパート,13
ブローニュ神山 405号室,5.2, 4000,1K,28,西,マンション,21
スタジオーネパルコＢ 203号室,5.6, 3000,2LDK,65,南,アパート,19
スタジオーネパルコＢ 203号室,5.6, 3000,2LDK,65,南,アパート,19
DUPLEX西島II 102号室,5.4, 3800,2LDK,60,南,テラス・タウンハウス,23
DUPLEX西島II 102号室,5.4, 3800,2LDK,60,南,テラス・タウンハウス,23
セヴェル真清田,7, 6000,3LDK,68,南,マンション,25
ブルーハイツ冨Ｂ,4.5, 3000,3DK,46,南,アパート,33
ブルーハイツ冨Ｂ,4.5, 3000,3DK,46,南,アパート,33
エスポワールＢ,6.2, 4500,1LDK,40,南,アパート,18
名鉄名古屋本線 妙興寺駅 2階建 築18年,6.2, 4500,1LDK,40,南,テラス・タウンハウス,18
エスポワールB,6.2, 4500,1LDK,40,南,アパート,18
マンションミューズ雅,5.3, 4000,1K,27,南,マンション,17
ヴェークフルスＢ棟,6.5, 2000,2LDK,67,南,アパート,11
ダイアヒルズ花池,6.5, 3500,3LDK,60,南西,マンション,29
バル三番館,5.2, 4000,3DK,55,南,マンション,33
コンシェルジュB 103号室,5.8, 5000,2LDK,55,南,アパート,17
コンシェルジュＢ 103号室,5.8, 5000,2LDK,55,南,アパート,17
名鉄名古屋本線 今伊勢駅 3階建 築15年,4.6, 6500,1K,23,東,マンション,15
ティアラＫ,7.2, 4000,3LDK,67,南,マンション,24
ハイツ昭和 0305号室,4.7, 3000,2LDK,54,-,マンション,35
ハイツ昭和,4.7, 3000,2LDK,54,南,マンション,35
ハイツ昭和 302号室,4.7, 3000,2LDK,54,南,マンション,35
レジデンスグーグーIII 202号室,6.8, 3000,1LDK,45,南,アパート,2
エル・メゾン,4.9, 3000,ワンルーム,33,南,アパート,14
ＳｕｒｐｌｕｓIIＰＡＲＫＳＩＤＥＢＬＵＥ 206号室,4.5, 3000,2DK,46,南,アパート,28
ボナール下沼,5, 4000,1K,30,西,アパート,20
サニーホームズ,7, 4500,2LDK,54,南,アパート,14
セジュールノリタケＡ棟,5.5, 4500,2LDK,55,南,アパート,26
メゾンド・リオン今伊勢,5.4, 4000,3LDK,66,南,マンション,39
ゴウヒガシ ムジュー,6.9, 4000,1LDK,53,南,アパート,11
サークルコープ,6, 4000,3LDK,59,南,マンション,36
サークルコープ,6, 4000,3LDK,59,南,マンション,36
名鉄名古屋本線 今伊勢駅 2階建 築11年,6.9, 4000,1LDK,53,南,アパート,11
ウィズユー苅安賀,5.6, 5000,2LDK,65,南,マンション,28
名鉄尾西線 苅安賀駅 5階建 築28年,5.6, 5000,2LDK,65,南,マンション,28
名鉄尾西線 苅安賀駅 5階建 築28年,5.6, 5000,2LDK,65,南,マンション,28
名鉄尾西線 苅安賀駅 5階建 築28年,5.6, 5000,2LDK,65,南,マンション,28
プリマベーラ,5.6, 3000,1LDK,48,南,アパート,17
プリマベーラ,5.6, 3000,1LDK,48,南,アパート,17
ゴウヒガシ ムジュー,6.9, 4000,1LDK,53,南,アパート,11
ＴＡＫＥＯＮＥ 305号室,6.5, 4000,3LDK,66,南,マンション,30
ハイツオリンピア,4.7, 3000,2DK,44,南,アパート,30
コーポエルノリタケ B 207号室,4.7, 4000,3DK,48,南,アパート,36
クオーレ古金,6.5, 3600,2LDK,61,南,マンション,22
カプリコーン,5.6, 4000,1LDK,45,南,アパート,13
ロワイヤルＳ弐番館,5.3, 4000,2LDK,54,-,マンション,21
カプリコーン,5.6, 4000,1LDK,45,南,アパート,13
アルカンシエル 101号室,6.4, 4000,2DK,50,南,アパート,14
アルカンシエル 101号室,6.4, 4000,2DK,50,南,アパート,14
アネックス一宮駅前,6.2, 7000,2LDK,54,南,マンション,24
ベルカノン,5.45, 2500,1LDK,45,南,アパート,11
ブルーハイツ冨B 202号室,4.5, 3000,3DK,46,南,アパート,33
ブルーハイツ冨B 202号室,4.5, 3000,3DK,46,南,アパート,33
コミュニティタウン五城Ｂ棟,6.3, 2000,3LDK,72,南,テラス・タウンハウス,33
サニーホームズ,7.2, 4500,2LDK,54,南,アパート,14
名鉄尾西線 奥町駅 3階建 築14年,7.2, 4500,2LDK,54,南,アパート,14
フォルトゥーナ B号室,5.4, 3500,2LDK,53,南,テラス・タウンハウス,21
フォルトゥーナ B号室,5.4, 3500,2LDK,53,南,テラス・タウンハウス,21
フリュイティア１,5.1, 2000,2LDK,53,南,マンション,24
フリュイティア１,5.1, 2000,2LDK,53,南,マンション,24
パークサイド浅井山Ｂ,5.6, 4000,2LDK,62,南,アパート,19
フリュイティア１,5.1, 2000,2LDK,53,南,マンション,24
セヴェル真清田,7.1, 6000,3LDK,68,南,マンション,25
ヴェークフルスＡ棟,6.6, 2000,2LDK,67,南,アパート,11
ＪＲ東海道本線 尾張一宮駅 2階建 築6年,6.9, 3000,2LDK,58,南,アパート,6
ロフティ新生,5, 4400,1K,37,南,マンション,22
ノーブルコート篭屋,7.7, -,3LDK,78,南,テラス・タウンハウス,21
オーシャン９１,5.3, 3000,2LDK,59,南,アパート,34
アイレヘイワ,4.7, 3000,1DK,31,南,マンション,21
名鉄尾西線 観音寺駅 2階建 築34年,5.3, 3000,2LDK,59,南,アパート,34
ダイアヒルズ常願通,5.8, 6000,3LDK,62,南,マンション,25
プライブＣ棟,5.2, 3500,2LDK,48,南,アパート,35
名鉄名古屋本線 今伊勢駅 4階建 築30年,6.5, 4000,3LDK,69,-,アパート,30
コーポエルノリタケＢ 207号室,4.7, 4000,3DK,48,南,アパート,36
コーポエルノリタケＢ 207号室,4.7, 4000,3DK,48,南,アパート,36
コーポエルノリタケＢ棟,4.7, 4000,3DK,48,南,アパート,36
べるのーぶ西大海道,6.1, 3500,2LDK,58,東,アパート,11
Ｄｕｐ猿海道Ａ棟,4.8, 3500,2LDK,59,南,テラス・タウンハウス,24
ロイヤルガーデンルピナス館,6.95, 5500,2LDK,61,南,アパート,13
ロイヤルガーデンルピナス館 E 217号室,6.95, 5500,2LDK,61,南,アパート,13
ブライトＡ,4.7, 4400,1K,30,南,マンション,17
ブライトＡ,4.7, 4400,1K,30,南,マンション,17
コンテッサトーレ,5.05, 4000,2LDK,55,-,マンション,29
コンテッサトーレ,5.05, 4000,2LDK,55,南,マンション,29
コンテッサトーレ,5.05, 4000,2LDK,55,南,マンション,29
コンテッサトーレ,5.05, 4000,2LDK,55,南,マンション,29
コンテッサトーレ,5.05, 4000,2LDK,55,南,マンション,29
コンテッサトーレ,5.05, 4000,2LDK,55,-,マンション,29
コンテッサトーレ 4A号室,5.05, 4000,2LDK,55,-,マンション,29
コンテッサトーレ,5.05, 4000,2LDK,55,東,マンション,29
コンテッサトーレ 4A号室,5.05, 4000,2LDK,55,-,マンション,29
アルカンシエル 101号室,6.4, 4000,2DK,50,南,アパート,14
リバーサイド大江,6.15, 2500,1LDK,53,南東,アパート,12
クレヴィア,6, 4000,1LDK,33,南西,アパート,13
